﻿{
  "tracker_broadcast": {
    "type": "array",
	"dropshadow": true,
    "orientation": "vertical",
    "content": [
      {
        "type": "array",
        "orientation": "horizontal",
        "content": [
      {
        "type": "itemgrid",
        "h_alignment": "center",
		    "item_size": 32,
		    "margin": "0,0",
        "item_margin": "3,4",
        "rows": [
          [ "song_time", "song_healing", "song_epona", "song_soaring", "song_storms"],
          [ "song_sonata", "song_lullaby", "song_bossa_nova", "song_elegy", "song_oath"],
          [],
          [ "mask_postman", "mask_all_night", "mask_blast", "mask_stone", "mask_fairy", "mask_deku"],
          [ "mask_keaton", "mask_bremen", "mask_bunny", "mask_don_gero", "mask_scents", "mask_goron"],
          [ "mask_romani", "mask_circus", "mask_kafei", "mask_couple", "mask_truth", "mask_zora"],
          [ "mask_kamaro", "mask_gibdo", "mask_garo", "mask_captain", "mask_giant", "mask_deity"],
          []
        ]
      },
      {
        "type": "itemgrid",
        "h_alignment": "center",
        "item_size": 32,
        "margin": "0,0",
        "item_margin": "3,4",
        "rows": [
          [ "sword", "shield", "magic", "wallet"],
          [ "skull_woodfall", "heart_container", "heart_piece", "skull_greatbay"],
          [],
          [ "ocarina", "bow", "arrow_fire", "arrow_ice", "arrow_light", "tear"],
          [ "bomb", "bombchu", "deku_stick", "deku_nut", "magic_bean", "room_key"],
          [ "powder_keg", "pictobox", "lens", "hookshot", "sword_fairy", "letter_kafei"],
          [ "bottle1", "bottle2", "bottle3", "bottle4", "bottle5", "bottle6"],
          []
        ]
      }
    ]
  },
	  {
        "type": "array",
        "orientation": "vertical",
        "content": [
    		  {
            "type": "array",
			      "h_alignment": "center",
            "orientation": "horizontal",
            "margin": "0,0",
            "content": [
				  {
  					"type": "array",
  					"orientation": "horizontal",
  					"h_alignment": "right",
  					"margin": "3,4",
  					"content": [
					  {
						"type": "item",
						"item": "notebook",
						"margin": "0,0",
						"width": 32,
						"height": 32
					  }
					]
				},
				{
					"type": "array",
					"orientation": "horizontal",
					"h_alignment": "right",
					"margin": "3,4",
					"content": [
					  {
						"type": "item",
						"item": "bombers_code1",
						"margin": "1,4",
						"width": 12,
						"height": 16
					  },
					  {
						"type": "item",
						"item": "bombers_code2",
						"margin": "1,4",
						"width": 12,
						"height": 16
					  },
					  {
						"type": "item",
						"item": "bombers_code3",
						"margin": "1,4",
						"width": 12,
						"height": 16
					  },
					  {
						"type": "item",
						"item": "bombers_code4",
						"margin": "1,4",
						"width": 12,
						"height": 16
					  },
					  {
						"type": "item",
						"item": "bombers_code5",
						"margin": "1,4",
						"width": 12,
						"height": 16
					  },
					]
				},
				{
					"type": "array",
					"orientation": "horizontal",
					"h_alignment": "left",
					"margin": "3,4",
					"content": [
					  {
						"type": "item",
						"item": "clocktown_fairy",
						"margin": "0,0",
						"width": 32,
						"height": 32
					  }
					]
				},
			]
		  },
      {
        "type": "array",
        "h_alignment": "center",
        "orientation": "horizontal",
        "margin": "0,0",
        "content": [
          {
            "type": "array",
            "orientation": "vertical",
            "margin": "0,0",
            "content": [
              {
                "type": "array",
                "orientation": "horizontal",
                "margin": "0,0",
                "content": [
                  {
                    "type": "item",
                    "item": "woodfall",
                    "margin": "3,4",
                    "width": 32,
                    "height": 32
                  },
                  {
                  "type": "item",
                  "item": "woodfall_fairy",
                  "margin": "3,4",
                  "width": 32,
                  "height": 32
                  }
                ]
              },
              {
              "type": "item",
              "item": "label_woodfall",
              "margin": "3,4",
              "width": 32,
              "height": 12
            },
            {
              "type": "array",
              "orientation": "horizontal",
              "margin": "0,0",
              "content": [
                {
                "type": "item",
                "item": "woodfall_key_small",
                "margin": "1,2",
                "width": 16,
                "height": 16
                },
                {
                "type": "item",
                "item": "woodfall_key_boss",
                "margin": "1,2",
                "width": 16,
                "height": 16
                },
                {
                "type": "item",
                "item": "map_woodfall",
                        "margin": "1,2",
                "width": 16,
                "height": 16
                },
                {
                "type": "item",
                "item": "compass_woodfall",
                        "margin": "1,2",
                "width": 16,
                "height": 16
                }
              ]
            }
            ]
          },
          {
            "type": "array",
            "orientation": "vertical",
            "margin": "0,0",
            "content": [
              {
                "type": "array",
                "orientation": "horizontal",
                "margin": "0,0",
                "content": [
                  {
                    "type": "item",
                    "item": "snowhead",
                    "margin": "3,4",
                    "width": 32,
                    "height": 32
                  },
                  {
                  "type": "item",
                  "item": "snowhead_fairy",
                  "margin": "3,4",
                  "width": 32,
                  "height": 32
                  }
                ]
              },
              {
              "type": "item",
              "item": "label_snowhead",
              "margin": "3,4",
              "width": 32,
              "height": 12
              },
              {
                "type": "array",
                "orientation": "horizontal",
                "margin": "0,0",
                "content": [
                  {
                  "type": "item",
                  "item": "snowhead_key_small",
                  "margin": "1,2",
                  "width": 16,
                  "height": 16
                  },
                  {
                  "type": "item",
                  "item": "snowhead_key_boss",
                  "margin": "1,2",
                  "width": 16,
                  "height": 16
                  },
                  {
                  "type": "item",
                  "item": "map_snowhead",
                          "margin": "1,2",
                  "width": 16,
                  "height": 16
                  },
                  {
                  "type": "item",
                  "item": "compass_snowhead",
                          "margin": "1,2",
                  "width": 16,
                  "height": 16
                  }
                ]
              }
            ]
          },
          {
            "type": "array",
            "orientation": "vertical",
            "margin": "0,0",
            "content": [
              {
                "type": "array",
                "orientation": "horizontal",
                "margin": "0,0",
                "content": [
                  {
                    "type": "item",
                    "item": "greatbay",
                    "margin": "3,4",
                    "width": 32,
                    "height": 32
                  },
                  {
                  "type": "item",
                  "item": "greatbay_fairy",
                  "margin": "3,4",
                  "width": 32,
                  "height": 32
                  }
                ]
              },
              {
              "type": "item",
              "item": "label_greatbay",
              "margin": "3,4",
              "width": 32,
              "height": 12
              },
              {
                "type": "array",
                "orientation": "horizontal",
                "margin": "0,0",
                "content": [
                  {
                  "type": "item",
                  "item": "greatbay_key_small",
                  "margin": "1,2",
                  "width": 16,
                  "height": 16
                  },
                  {
                  "type": "item",
                  "item": "greatbay_key_boss",
                  "margin": "1,2",
                  "width": 16,
                  "height": 16
                  },
                  {
                  "type": "item",
                  "item": "map_greatbay",
                          "margin": "1,2",
                  "width": 16,
                  "height": 16
                  },
                  {
                  "type": "item",
                  "item": "compass_greatbay",
                          "margin": "1,2",
                  "width": 16,
                  "height": 16
                  }
                ]
              }
            ]
          },
          {
            "type": "array",
            "orientation": "vertical",
            "margin": "0,0",
            "content": [
              {
                "type": "array",
                "orientation": "horizontal",
                "margin": "0,0",
                "content": [
                  {
                    "type": "item",
                    "item": "stonetower",
                    "margin": "3,4",
                    "width": 32,
                    "height": 32
                  },
                  {
                  "type": "item",
                  "item": "stonetower_fairy",
                  "margin": "3,4",
                  "width": 32,
                  "height": 32
                  }
                ]
              },
              {
              "type": "item",
              "item": "label_stonetower",
              "margin": "3,4",
              "width": 32,
              "height": 12
              },
              {
                "type": "array",
                "orientation": "horizontal",
                "margin": "0,0",
                "content": [
                  {
                  "type": "item",
                  "item": "stonetower_key_small",
                  "margin": "1,2",
                  "width": 16,
                  "height": 16
                  },
                  {
                  "type": "item",
                  "item": "stonetower_key_boss",
                  "margin": "1,2",
                  "width": 16,
                  "height": 16
                  },
                  {
                  "type": "item",
                  "item": "map_stonetower",
                          "margin": "1,2",
                  "width": 16,
                  "height": 16
                  },
                  {
                  "type": "item",
                  "item": "compass_stonetower",
                          "margin": "1,2",
                  "width": 16,
                  "height": 16
                  }
                ]
              }
            ]
          },
        ]
      }
    ]
  }
    ]
  }
}
