[
    {
        "name": "Master Sword",
        "type": "toggle",
        "img": "images/equipment/master_sword.png",
        "codes": "master_sword"
    },
    {
        "name": "Biggoron Sword",
        "type": "progressive",
        "allow_disabled": false,
        "stages": [
            {
                "img": "images/equipment/biggoron_sword.png",
                "img_mods": "@disabled",
                "codes": "biggoron_sword"
            },
            {
                "img": "images/equipment/giants_knife.png"
            },
            {
                "img": "images/equipment/broken_giants_knife.png"
            },
            {
                "img": "images/equipment/biggoron_sword.png"
            }
        ]
    },
    {
        "name": "Deku Shield",
        "type": "toggle",
        "img": "images/equipment/deku_shield.png",
        "codes": "deku_shield"
    },
    {
        "name": "Kokiri Tunic",
        "type": "static",
        "img": "images/equipment/kokiri_tunic.png",
        "codes": "kokiri_tunic"
    },
    {
        "name": "Goron Tunic",
        "type": "toggle",
        "img": "images/equipment/goron_tunic.png",
        "codes": "goron_tunic"
    },
    {
        "name": "Zora Tunic",
        "type": "toggle",
        "img": "images/equipment/zora_tunic.png",
        "codes": "zora_tunic"
    },
    {
        "name": "Kokiri Boots",
        "type": "static",
        "img": "images/equipment/kokiri_boots.png",
        "codes": "kokiri_boots"
    },
    {
        "name": "Iron Boots",
        "type": "toggle",
        "img": "images/equipment/iron_boots.png",
        "codes": "iron_boots"
    },
    {
        "name": "Hover Boots",
        "type": "toggle",
        "img": "images/equipment/hover_boots.png",
        "codes": "hover_boots"
    },
    {
        "name": "Strength",
        "type": "progressive",
        "stages": [
            {
                "img": "images/equipment/goron_bracelet.png",
                "codes": "strength"
            },
            {
                "img": "images/equipment/silver_gauntlets.png"
            },
            {
                "img": "images/equipment/golden_gauntlets.png"
            }
        ]
    },
    {
        "name": "Scale",
        "type": "progressive",
        "stages": [
            {
                "img": "images/equipment/silver_scale.png",
                "codes": "scale"
            },
            {
                "img": "images/equipment/golden_scale.png"
            }
        ]
    },
    {
        "name": "Magic",
        "type": "progressive",
        "stages": [
            {
                "img": "images/equipment/magic.png",
                "codes": "magic"
            },
            {
                "img": "images/equipment/double_magic.png"
            }
        ]
    },
    {
        "name": "Heart Containers",
        "type": "consumable",
        "img": "images/equipment/heart_container.png",
        "codes": "heart_containers",
        "max_quantity": 6
    },
    {
        "name": "Heart Pieces",
        "type": "consumable",
        "img": "images/equipment/heart_piece.png",
        "codes": "heart_pieces",
        "max_quantity": 44
    },
    {
        "name": "Double Defense",
        "type": "toggle",
        "img": "images/equipment/double_defense.png",
        "codes": "double_defense"
    },
    {
        "name": "Bombers' Notebook",
        "type": "toggle",
        "img": "images/equipment/bombers_notebook.png",
        "codes": "bombers_notebook"
    },
    {
        "name": "Gerudo Membership Card",
        "type": "toggle",
        "img": "images/equipment/gerudo_membership_card.png",
        "codes": "gerudo_membership_card"
    },
    {
        "name": "Stone of Agony",
        "type": "toggle",
        "img": "images/equipment/stone_of_agony.png",
        "codes": "stone_of_agony"
    },
    {
        "name": "Great Spin Attack",
        "type": "toggle",
        "img": "images/equipment/great_spin_attack.png",
        "codes": "great_spin_attack"
    }
]