﻿[
  // Bow
 {
    "name": "Bow",
    "type": "progressive",
    "allow_disabled": false,
    "stages": [
      {
        "img": "images/bow.png",
        "img_mods": "@disabled",
		"codes": "bow"
      },
      {
        "img": "images/bow.png",
        "img_mods": "overlay|images/overlay_30.png"
      },
      {
        "img": "images/bow.png",
        "img_mods": "overlay|images/overlay_40.png"
      },
      {
        "img": "images/bow.png",
        "img_mods": "overlay|images/overlay_50_green.png"
      }
    ]
  },

  // Fire Arrows
  {
    "name": "Fire Arrows",
    "type": "toggle",
    "img": "images/arrow_fire.png",
    "codes": "arrow_fire"
  },

  // Ice Arrows
  {
    "name": "Ice Arrows",
    "type": "toggle",
    "img": "images/arrow_ice.png",
    "codes": "arrow_ice"
  },

  // Light Arrows
  {
    "name": "Light Arrows",
    "type": "toggle",
    "img": "images/arrow_light.png",
    "codes": "arrow_light"
  },

  // Magic Beans
  {
    "name": "Magic Beans",
    "type": "toggle",
    "img": "images/magic_bean.png",
    "codes": "magic_bean"
  },

  // Deku Sticks
  {
    "name": "Deku Sticks",
    "type": "toggle",
	"img": "images/deku_stick.png",
    "codes": "deku_stick"
  },

  // Deku Nuts
  {
    "name": "Deku Nuts",
    "type": "toggle",
	"img": "images/deku_nut.png",
    "codes": "deku_nut"
  },

  // Bombs
  {
    "name": "Bombs",
    "type": "progressive",
    "allow_disabled": false,
    "stages": [
      {
        "img": "images/bomb.png",
        "img_mods": "@disabled",
	    "codes": "bomb"
      },
      {
        "img": "images/bomb.png",
        "img_mods": "overlay|images/overlay_20.png"
      },
      {
        "img": "images/bomb.png",
        "img_mods": "overlay|images/overlay_30.png"
      },
      {
        "img": "images/bomb.png",
        "img_mods": "overlay|images/overlay_40_green.png"
      },
    ]
  },

  // Hookshot
  {
    "name": "Hookshot",
    "type": "toggle",
	"img": "images/hookshot.png",
    "codes": "hookshot"
  },

  // Bombchu
  {
    "name": "Bombchu",
    "type": "toggle",
    "img": "images/bombchu.png",
    "codes": "bombchu"
  },

  // Powder Keg
  {
    "name": "Powder Keg",
    "type": "toggle",
    "img": "images/powder_keg.png",
    "codes": "powder_keg"
  },

  // Lens of Truth
  {
    "name": "Lens of Truth",
    "type": "toggle",
    "img": "images/lens.png",
    "codes": "lens"
  },

  // Song of Time
  {
    "name": "Song of Time",
    "type": "toggle",
    "img": "images/song_time.png",
    "initial_active_state": true,
    "codes": "song_time"
  },

  // Song of Healing
  {
    "name": "Song of Healing",
    "type": "toggle",
    "img": "images/song_healing.png",
    "initial_active_state": true,
    "codes": "song_healing"
  },

  // Epona's Song
  {
    "name": "Epona's Song",
    "type": "toggle",
    "img": "images/song_epona.png",
    "codes": "song_epona"
  },

  // Song of Storms
  {
    "name": "Song of Storms",
    "type": "toggle",
    "img": "images/song_storms.png",
    "codes": "song_storms"
  },

  // Song of Soaring
  {
    "name": "Song of Soaring",
    "type": "toggle",
    "img": "images/song_soaring.png",
    "codes": "song_soaring"
  },

  // Sonata of Awakening
  {
    "name": "Sonata of Awakening",
    "type": "toggle",
    "img": "images/song_sonata.png",
    "codes": "song_sonata"
  },

  // Goron Lullaby
  {
    "name": "Goron Lullaby",
    "type": "toggle",
    "img": "images/song_lullaby.png",
    "codes": "song_lullaby"
  },

  // New Wave Bossa Nova
  {
    "name": "New Wave Bossa Nova",
    "type": "toggle",
    "img": "images/song_bossa_nova.png",
    "codes": "song_bossa_nova"
  },

  // Elegy of Emptiness
  {
    "name": "Elegy of Emptiness",
    "type": "toggle",
    "img": "images/song_elegy.png",
    "codes": "song_elegy"
  },

  // Oath to Order
  {
    "name": "Oath to Order",
    "type": "toggle",
    "img": "images/song_oath.png",
    "codes": "song_oath"
  },

  // Great Fairy Sword
  {
    "name": "Great Fairy Sword",
    "type": "toggle",
    "img": "images/sword_fairy.png",
    "codes": "sword_fairy"
  },

  // Pictograph Box
  {
    "name": "Pictograph Box",
    "type": "toggle",
    "img": "images/pictobox.png",
    "codes": "pictobox"
  },

  // Bomber Notebook
  {
    "name": "Bomber Notebook",
    "type": "toggle",
    "img": "images/notebook.png",
    "codes": "notebook"
  },

  // Progressive Sword
  {
    "name": "Sword",
    "type": "progressive",
	  "initial_stage_idx": 0,
    "stages": [
      {
        "img": "images/sword_kokiri.png",
        "codes": "sword"
      },
      {
        "img": "images/sword_razor.png"
      },
	  {
        "img": "images/sword_gilded.png"
      }
    ]
  },

  // Progressive Shield
  {
    "name": "Shield",
    "type": "progressive",
	  "initial_stage_idx": 0,
	  "stages": [
      {
        "img": "images/shield_hero.png",
        "codes": "shield"
      },
      {
        "img": "images/shield_mirror.png"
      }
    ]
  },

  // Ocarina
  {
    "name": "Ocarina",
    "type": "toggle",
    "img": "images/ocarina.png",
    "initial_active_state": true,
    "codes": "ocarina"
  },

  // Bottles
  {
    "name": "Bottle 1",
    "type": "progressive",
    "loop": true,
    "stages": [
      {
        "img": "images/bottle_empty.png",
        "codes": "bottle1"
      },
      {
        "img": "images/bottle_egg.png"
      },
      {
        "img": "images/bottle_princess.png"
      },
      {
        "img": "images/bottle_potion_red.png"
      },
      {
        "img": "images/bottle_potion_green.png"
      },
      {
        "img": "images/bottle_potion_blue.png"
      },
      {
        "img": "images/bottle_gold.png"
      },
      {
        "img": "images/bottle_seahorse.png"
      },
      {
        "img": "images/bottle_mushroom.png"
      },
      {
        "img": "images/bottle_water.png"
      },
	    {
        "img": "images/bottle_water_hot.png"
      },
      {
        "img": "images/bottle_fish.png"
      },
      {
        "img": "images/bottle_bug.png"
      },
      {
        "img": "images/bottle_fairy.png"
      },
      {
        "img": "images/bottle_poe.png"
      },
      {
        "img": "images/bottle_poe_big.png"
      },
      {
        "img": "images/bottle_romani.png"
      },
      {
        "img": "images/bottle_milk.png"
      }
    ]
  },

  {
    "name": "Bottle 2",
    "type": "progressive",
    "loop": true,
    "stages": [
      {
        "img": "images/bottle_empty.png",
        "codes": "bottle2"
      },
      {
        "img": "images/bottle_egg.png"
      },
      {
        "img": "images/bottle_princess.png"
      },
      {
        "img": "images/bottle_potion_red.png"
      },
      {
        "img": "images/bottle_potion_green.png"
      },
      {
        "img": "images/bottle_potion_blue.png"
      },
      {
        "img": "images/bottle_gold.png"
      },
      {
        "img": "images/bottle_seahorse.png"
      },
      {
        "img": "images/bottle_mushroom.png"
      },
      {
        "img": "images/bottle_water.png"
      },
	    {
        "img": "images/bottle_water_hot.png"
      },
      {
        "img": "images/bottle_fish.png"
      },
      {
        "img": "images/bottle_bug.png"
      },
      {
        "img": "images/bottle_fairy.png"
      },
      {
        "img": "images/bottle_poe.png"
      },
      {
        "img": "images/bottle_poe_big.png"
      },
      {
        "img": "images/bottle_romani.png"
      },
      {
        "img": "images/bottle_milk.png"
      }
    ]
  },

  {
    "name": "Bottle 3",
    "type": "progressive",
    "loop": true,
    "stages": [
      {
        "img": "images/bottle_empty.png",
        "codes": "bottle3"
      },
      {
        "img": "images/bottle_egg.png"
      },
      {
        "img": "images/bottle_princess.png"
      },
      {
        "img": "images/bottle_potion_red.png"
      },
      {
        "img": "images/bottle_potion_green.png"
      },
      {
        "img": "images/bottle_potion_blue.png"
      },
      {
        "img": "images/bottle_gold.png"
      },
      {
        "img": "images/bottle_seahorse.png"
      },
      {
        "img": "images/bottle_mushroom.png"
      },
      {
        "img": "images/bottle_water.png"
      },
	    {
        "img": "images/bottle_water_hot.png"
      },
      {
        "img": "images/bottle_fish.png"
      },
      {
        "img": "images/bottle_bug.png"
      },
      {
        "img": "images/bottle_fairy.png"
      },
      {
        "img": "images/bottle_poe.png"
      },
      {
        "img": "images/bottle_poe_big.png"
      },
      {
        "img": "images/bottle_romani.png"
      },
      {
        "img": "images/bottle_milk.png"
      }
    ]
  },

  {
    "name": "Bottle 4",
    "type": "progressive",
    "loop": true,
    "stages": [
      {
        "img": "images/bottle_empty.png",
        "codes": "bottle4"
      },
      {
        "img": "images/bottle_egg.png"
      },
      {
        "img": "images/bottle_princess.png"
      },
      {
        "img": "images/bottle_potion_red.png"
      },
      {
        "img": "images/bottle_potion_green.png"
      },
      {
        "img": "images/bottle_potion_blue.png"
      },
      {
        "img": "images/bottle_gold.png"
      },
      {
        "img": "images/bottle_seahorse.png"
      },
      {
        "img": "images/bottle_mushroom.png"
      },
      {
        "img": "images/bottle_water.png"
      },
	    {
        "img": "images/bottle_water_hot.png"
      },
      {
        "img": "images/bottle_fish.png"
      },
      {
        "img": "images/bottle_bug.png"
      },
      {
        "img": "images/bottle_fairy.png"
      },
      {
        "img": "images/bottle_poe.png"
      },
      {
        "img": "images/bottle_poe_big.png"
      },
      {
        "img": "images/bottle_romani.png"
      },
      {
        "img": "images/bottle_milk.png"
      }
    ]
  },

  {
    "name": "Bottle 5",
    "type": "progressive",
    "loop": true,
    "stages": [
      {
        "img": "images/bottle_empty.png",
        "codes": "bottle5"
      },
      {
        "img": "images/bottle_egg.png"
      },
      {
        "img": "images/bottle_princess.png"
      },
      {
        "img": "images/bottle_potion_red.png"
      },
      {
        "img": "images/bottle_potion_green.png"
      },
      {
        "img": "images/bottle_potion_blue.png"
      },
      {
        "img": "images/bottle_gold.png"
      },
      {
        "img": "images/bottle_seahorse.png"
      },
      {
        "img": "images/bottle_mushroom.png"
      },
      {
        "img": "images/bottle_water.png"
      },
	    {
        "img": "images/bottle_water_hot.png"
      },
      {
        "img": "images/bottle_fish.png"
      },
      {
        "img": "images/bottle_bug.png"
      },
      {
        "img": "images/bottle_fairy.png"
      },
      {
        "img": "images/bottle_poe.png"
      },
      {
        "img": "images/bottle_poe_big.png"
      },
      {
        "img": "images/bottle_romani.png"
      },
      {
        "img": "images/bottle_milk.png"
      }
    ]
  },

  {
    "name": "Bottle 6",
    "type": "progressive",
    "loop": true,
    "stages": [
      {
        "img": "images/bottle_empty.png",
        "codes": "bottle6"
      },
      {
        "img": "images/bottle_egg.png"
      },
      {
        "img": "images/bottle_princess.png"
      },
      {
        "img": "images/bottle_potion_red.png"
      },
      {
        "img": "images/bottle_potion_green.png"
      },
      {
        "img": "images/bottle_potion_blue.png"
      },
      {
        "img": "images/bottle_gold.png"
      },
      {
        "img": "images/bottle_seahorse.png"
      },
      {
        "img": "images/bottle_mushroom.png"
      },
      {
        "img": "images/bottle_water.png"
      },
	    {
        "img": "images/bottle_water_hot.png"
      },
      {
        "img": "images/bottle_fish.png"
      },
      {
        "img": "images/bottle_bug.png"
      },
      {
        "img": "images/bottle_fairy.png"
      },
      {
        "img": "images/bottle_poe.png"
      },
      {
        "img": "images/bottle_poe_big.png"
      },
      {
        "img": "images/bottle_romani.png"
      },
      {
        "img": "images/bottle_milk.png"
      }
    ]
  },

  // Woodfall Skulltulla
  {
    "name": "Woodfall Skulltullas",
    "type": "consumable",
    "img": "images/skull_woodfall.png",
    "codes": "skull_woodfall",
    "max_quantity": 30
  },

  // Great Bay Skulltulla
  {
    "name": "Great Bay Skulltullas",
    "type": "consumable",
    "img": "images/skull_greatbay.png",
    "codes": "skull_greatbay",
    "max_quantity": 30
  },


  // Progressive Wallet
 {
    "name": "Wallet",
    "type": "progressive",
    "allow_disabled": false,
    "stages": [
      {
        "img": "images/wallet99.png",
		     "codes": "wallet"
      },
      {
        "img": "images/wallet200.png",
      },
      {
        "img": "images/wallet500.png",
      }
    ]
  },

  // Progressive Magic
  {
    "name": "Magic",
    "type": "progressive",
	"initial_stage_idx": 0,
    "stages": [
      {
        "img": "images/magic.png",
        "codes": "magic"
      },
	  {
        "img": "images/magic_big.png",
        "codes": "magic_big"
      }
    ]
  },

  // Deku Mask
  {
    "name": "Deku Mask",
    "type": "toggle",
    "img": "images/mask_deku.png",
    "codes": "mask_deku"
  },

  // Goron Mask
  {
    "name": "Goron Mask",
    "type": "toggle",
    "img": "images/mask_goron.png",
    "codes": "mask_goron"
  },

  // Zora Mask
  {
    "name": "Zora Mask",
    "type": "toggle",
    "img": "images/mask_zora.png",
    "codes": "mask_zora"
  },

  // Fierce Deity Mask
  {
    "name": "Fierce Deity Mask",
    "type": "toggle",
    "img": "images/mask_deity.png",
    "codes": "mask_deity"
  },

  // Giant Mask
  {
    "name": "Giant Mask",
    "type": "toggle",
    "img": "images/mask_giant.png",
    "codes": "mask_giant"
  },

  // Blast Mask
  {
    "name": "Blast Mask",
    "type": "toggle",
    "img": "images/mask_blast.png",
    "codes": "mask_blast"
  },

  // All Night Mask
  {
    "name": "All Night Mask",
    "type": "toggle",
    "img": "images/mask_all_night.png",
    "codes": "mask_all_night"
  },

  // Bremen Mask
  {
    "name": "Bremen Mask",
    "type": "toggle",
    "img": "images/mask_bremen.png",
    "codes": "mask_bremen"
  },

  // Bunny Hood
  {
    "name": "Bunny Hood",
    "type": "toggle",
    "img": "images/mask_bunny.png",
    "codes": "mask_bunny"
  },

  // Captain Hat
  {
    "name": "Captain Hat",
    "type": "toggle",
    "img": "images/mask_captain.png",
    "codes": "mask_captain"
  },

  // Couple Mask
  {
    "name": "Couple Mask",
    "type": "toggle",
    "img": "images/mask_couple.png",
    "codes": "mask_couple"
  },

  // Don Gero Mask
  {
    "name": "Don Gero Mask",
    "type": "toggle",
    "img": "images/mask_don_gero.png",
    "codes": "mask_don_gero"
  },

  // Garo Mask
  {
    "name": "Garo Mask",
    "type": "toggle",
    "img": "images/mask_garo.png",
    "codes": "mask_garo"
  },

  // Gibdo Mask
  {
    "name": "Gibdo Mask",
    "type": "toggle",
    "img": "images/mask_gibdo.png",
    "codes": "mask_gibdo"
  },

  // Great Fairy Mask
  {
    "name": "Great Fairy Mask",
    "type": "toggle",
    "img": "images/mask_fairy.png",
    "codes": "mask_fairy"
  },

  // Keaton Mask
  {
    "name": "Keaton Mask",
    "type": "toggle",
    "img": "images/mask_keaton.png",
    "codes": "mask_keaton"
  },

  // Kafei Mask
  {
    "name": "Kafei Mask",
    "type": "toggle",
    "img": "images/mask_kafei.png",
    "codes": "mask_kafei"
  },

  // Kamaro Mask
  {
    "name": "Kamaro Mask",
    "type": "toggle",
    "img": "images/mask_kamaro.png",
    "codes": "mask_kamaro"
  },

  // Mask of Truth
  {
    "name": "Mask of Truth",
    "type": "toggle",
    "img": "images/mask_truth.png",
    "codes": "mask_truth"
  },

  // Postman Hat
  {
    "name": "Postman Hat",
    "type": "toggle",
    "img": "images/mask_postman.png",
    "codes": "mask_postman"
  },

  // Romani Mask
  {
    "name": "Romani Mask",
    "type": "toggle",
    "img": "images/mask_romani.png",
    "codes": "mask_romani"
  },

  // Mask of Scents
  {
    "name": "Mask of Scents",
    "type": "toggle",
    "img": "images/mask_scents.png",
    "codes": "mask_scents"
  },

  // Stone Mask
  {
    "name": "Stone Mask",
    "type": "toggle",
    "img": "images/mask_stone.png",
    "codes": "mask_stone"
  },

  // Troupe Leader Mask
  {
    "name": "Troupe Leader Mask",
    "type": "toggle",
    "img": "images/mask_circus.png",
    "codes": "mask_circus"
  },

  // Odolwa Remains
  {
    "name": "Odolwa Remains",
    "type": "toggle",
    "img": "images/remains_odolwa.png",
    "codes": "remains_odolwa"
  },

  // Goht Remains
  {
    "name": "Goht Remains",
    "type": "toggle",
    "img": "images/remains_goht.png",
    "codes": "remains_goht"
  },

  // Gyorg Remains
  {
    "name": "Gyorg Remains",
    "type": "toggle",
    "img": "images/remains_gyorg.png",
    "codes": "remains_gyorg"
  },

  // Twinmold Remains
  {
    "name": "Twinmold Remains",
    "type": "toggle",
    "img": "images/remains_twinmold.png",
    "codes": "remains_twinmold"
  },

  // Moon Tear Trade Sequence
  {
    "name": "Moon Tear Trade",
    "type": "progressive",
    "stages": [
      {
        "img": "images/tear.png",
        "codes": "tear"
      },
      {
        "img": "images/deed_land.png",
        "codes": "deed_land"
      },
	  {
        "img": "images/deed_swamp.png",
        "codes": "deed_swamp"
      },
	  {
        "img": "images/deed_mountain.png",
        "codes": "deed_mountain"
      },
	  {
        "img": "images/deed_ocean.png",
        "codes": "deed_ocean"
      },
    ]
  },

  // Anju Trade Sequence
  {
    "name": "Anju Trade",
    "type": "progressive",
    "stages": [
      {
        "img": "images/room_key.png",
        "codes": "room_key"
      },
      {
        "img": "images/letter_mama.png"
      }
    ]
  },

  // Kafei Trade Sequence
  {
    "name": "Kafei Trade",
    "type": "progressive",
    "stages": [
      {
        "img": "images/letter_kafei.png",
        "codes": "letter_kafei"
      },
      {
        "img": "images/pendant.png"
      }
    ]
  },

  // Woodfall Label
  {
    "name": "Woodfall Label",
    "type": "static",
    "allow_disabled": false,
    "img": "images/label_woodfall.png",
    "codes": "label_woodfall"
  },

  // Woodfall Stray Fairies
  {
    "name": "Woodfall Stray Fairies",
    "type": "consumable",
    "img": "images/woodfall_fairy.png",
    "codes": "woodfall_fairy",
    "max_quantity": 15
  },

  // Woodfall Small Keys
  {
    "name": "Woodfall Small Keys",
    "type": "progressive",
	  "stages": [
      {
	    "img": "images/dungeon_key_small.png",
		  "codes": "woodfall_key_small"
      }
	]
  },

  // Woodfall Boss Key
  {
    "name": "Woodfall Boss Key",
    "type": "toggle",
    "img": "images/dungeon_key_boss.png",
    "codes": "woodfall_key_boss"
  },

  // Woodfall Map
  {
    "name": "Woodfall Map",
    "type": "toggle",
    "img": "images/dungeon_map.png",
    "codes": "map_woodfall"
  },

  // Woodfall Compass
  {
    "name": "Woodfall Compass",
    "type": "toggle",
    "img": "images/dungeon_compass.png",
    "codes": "compass_woodfall"
  },

  // Woodfall Prize
  {
    "name": "Woodfall Prize",
    "type": "progressive_toggle",
    "loop": true,
    "stages": [
      {
        "img": "images/unknown.png",
        "codes": "woodfall",
        "secondary_codes": "unknown"
      },
      {
        "img": "images/remains_odolwa.png",
        "codes": "woodfall,remains_odolwa",
        "secondary_codes": "remains_odolwa"
      },
      {
        "img": "images/remains_goht.png",
        "codes": "woodfall,remains_goht",
        "secondary_codes": "remains_goht"
      },
      {
        "img": "images/remains_gyorg.png",
        "codes": "woodfall,remains_gyorg",
        "secondary_codes": "remains_gyorg"
      },
      {
        "img": "images/remains_twinmold.png",
        "codes": "woodfall,remains_twinmold",
        "secondary_codes": "remains_twinmold"
      }
    ]
  },

  // Snowhead Label
  {
    "name": "Snowhead Label",
    "type": "static",
    "allow_disabled": false,
    "img": "images/label_snowhead.png",
    "codes": "label_snowhead"
  },

  // Snowhead Stray Fairies
  {
    "name": "Snowhead Stray Fairies",
    "type": "consumable",
    "img": "images/snowhead_fairy.png",
    "codes": "snowhead_fairy",
    "max_quantity": 15
  },

  // Snowhead Small Keys
  {
    "name": "Snowhead Small Keys",
    "type": "consumable",
    "img": "images/dungeon_key_small.png",
    "codes": "snowhead_key_small",
    "max_quantity": 3
  },

  // Snowhead Boss Key
  {
    "name": "Snowhead Boss Key",
    "type": "toggle",
    "img": "images/dungeon_key_boss.png",
    "codes": "snowhead_key_boss"
  },

  // Snowhead Map
  {
    "name": "Snowhead Map",
    "type": "toggle",
    "img": "images/dungeon_map.png",
    "codes": "map_snowhead"
  },

  // Snowhead Compass
  {
    "name": "Snowhead Compass",
    "type": "toggle",
    "img": "images/dungeon_compass.png",
    "codes": "compass_snowhead"
  },

  // Snowhead Prize
  {
    "name": "Snowhead Prize",
    "type": "progressive_toggle",
    "loop": true,
    "stages": [
      {
        "img": "images/unknown.png",
        "codes": "snowhead",
        "secondary_codes": "unknown"
      },
      {
        "img": "images/remains_odolwa.png",
        "codes": "snowhead,remains_odolwa",
        "secondary_codes": "remains_odolwa"
      },
      {
        "img": "images/remains_goht.png",
        "codes": "snowhead,remains_goht",
        "secondary_codes": "remains_goht"
      },
      {
        "img": "images/remains_gyorg.png",
        "codes": "snowhead,remains_gyorg",
        "secondary_codes": "remains_gyorg"
      },
      {
        "img": "images/remains_twinmold.png",
        "codes": "snowhead,remains_twinmold",
        "secondary_codes": "remains_twinmold"
      }
    ]
  },

  // Great Bay Label
  {
    "name": "Great Bay Label",
    "type": "static",
    "allow_disabled": false,
    "img": "images/label_greatbay.png",
    "codes": "label_greatbay"
  },

  // Great Bay Stray Fairies
  {
    "name": "Great Bay Stray Fairies",
    "type": "consumable",
    "img": "images/greatbay_fairy.png",
    "codes": "greatbay_fairy",
    "max_quantity": 15
  },

  // Great Bay Small Keys
  {
    "name": "Great Bay Small Keys",
    "type": "progressive",
	  "stages": [
      {
	      "img": "images/dungeon_key_small.png",
		    "codes": "greatbay_key_small"
      }
	]
  },

  // Great Bay Boss Key
  {
    "name": "Great Bay Boss Key",
    "type": "toggle",
    "img": "images/dungeon_key_boss.png",
    "codes": "greatbay_key_boss"
  },

  // Great Bay Map
  {
    "name": "Great Bay Map",
    "type": "toggle",
    "img": "images/dungeon_map.png",
    "codes": "map_greatbay"
  },

  // Great Bay Compass
  {
    "name": "Great Bay Compass",
    "type": "toggle",
    "img": "images/dungeon_compass.png",
    "codes": "compass_greatbay"
  },

  // Great Bay Prize
  {
    "name": "Great Bay Prize",
    "type": "progressive_toggle",
    "loop": true,
    "stages": [
      {
        "img": "images/unknown.png",
        "codes": "greatbay",
        "secondary_codes": "unknown"
      },
      {
        "img": "images/remains_odolwa.png",
        "codes": "greatbay,remains_odolwa",
        "secondary_codes": "remains_odolwa"
      },
      {
        "img": "images/remains_goht.png",
        "codes": "greatbay,remains_goht",
        "secondary_codes": "remains_goht"
      },
      {
        "img": "images/remains_gyorg.png",
        "codes": "greatbay,remains_gyorg",
        "secondary_codes": "remains_gyorg"
      },
      {
        "img": "images/remains_twinmold.png",
        "codes": "greatbay,remains_twinmold",
        "secondary_codes": "remains_twinmold"
      }
    ]
  },

  // Stone Tower Label
  {
    "name": "Stone Tower Label",
    "type": "static",
    "allow_disabled": false,
    "img": "images/label_stonetower.png",
    "codes": "label_stonetower"
  },

  // Stone Tower Stray Fairies
  {
    "name": "Stone Tower Stray Fairies",
    "type": "consumable",
    "img": "images/stonetower_fairy.png",
    "codes": "stonetower_fairy",
    "max_quantity": 15
  },

  // Stone Tower Small Keys
  {
    "name": "Stone Tower Small Keys",
    "type": "consumable",
    "img": "images/dungeon_key_small.png",
    "codes": "stonetower_key_small",
    "max_quantity": 4
  },

  // Stone Tower Boss Key
  {
    "name": "Stone Tower Boss Key",
    "type": "toggle",
    "img": "images/dungeon_key_boss.png",
    "codes": "stonetower_key_boss"
  },

  // Stone Tower Map
  {
    "name": "Stone Tower Map",
    "type": "toggle",
    "img": "images/dungeon_map.png",
    "codes": "map_stonetower"
  },

  // Stone Tower Compass
  {
    "name": "Stone Tower Compass",
    "type": "toggle",
    "img": "images/dungeon_compass.png",
    "codes": "compass_stonetower"
  },

  // Stone Tower Prize
  {
    "name": "Stone Tower Prize",
    "type": "progressive_toggle",
    "loop": true,
    "stages": [
      {
        "img": "images/unknown.png",
        "codes": "stonetower",
        "secondary_codes": "unknown"
      },
      {
        "img": "images/remains_odolwa.png",
        "codes": "stonetower,remains_odolwa",
        "secondary_codes": "remains_odolwa"
      },
      {
        "img": "images/remains_goht.png",
        "codes": "stonetower,remains_goht",
        "secondary_codes": "remains_goht"
      },
      {
        "img": "images/remains_gyorg.png",
        "codes": "stonetower,remains_gyorg",
        "secondary_codes": "remains_gyorg"
      },
      {
        "img": "images/remains_twinmold.png",
        "codes": "stonetower,remains_twinmold",
        "secondary_codes": "remains_twinmold"
      }
    ]
  },

  // Clock Town Stray Fairies
  {
    "name": "Clock Town Stray Fairies",
    "type": "toggle",
    "img": "images/clocktown_fairy.png",
    "codes": "clocktown_fairy"
  },

  // Bombers Code 1
  {
    "name": "Bombers Code Digit 1",
    "type": "progressive",
    "allow_disabled": false,
	  "loop": true,
    "stages": [
      {
        "img": "images/0.png",
        "img_mods": "@disabled",
		    "codes": "bombers_code1"
      },
      {
        "img": "images/1.png"
      },
	    {
        "img": "images/2.png"
      },
	    {
        "img": "images/3.png"
      },
	    {
        "img": "images/4.png"
      },
	    {
        "img": "images/5.png"
      }
    ]
  },

  // Bombers Code 2
  {
    "name": "Bombers Code Digit 2",
    "type": "progressive",
    "allow_disabled": false,
	  "loop": true,
    "stages": [
      {
        "img": "images/0.png",
        "img_mods": "@disabled",
		    "codes": "bombers_code2"
      },
      {
        "img": "images/1.png"
      },
	    {
        "img": "images/2.png"
      },
	    {
        "img": "images/3.png"
      },
	    {
        "img": "images/4.png"
      },
	    {
        "img": "images/5.png"
      }
    ]
  },

  // Bombers Code 3
  {
    "name": "Bombers Code Digit 3",
    "type": "progressive",
    "allow_disabled": false,
	  "loop": true,
    "stages": [
      {
        "img": "images/0.png",
        "img_mods": "@disabled",
		    "codes": "bombers_code3"
      },
      {
        "img": "images/1.png"
      },
	    {
        "img": "images/2.png"
      },
	    {
        "img": "images/3.png"
      },
	    {
        "img": "images/4.png"
      },
	    {
        "img": "images/5.png"
      }
    ]
  },

  // Bombers Code 4
  {
    "name": "Bombers Code Digit 4",
    "type": "progressive",
    "allow_disabled": false,
	  "loop": true,
    "stages": [
      {
        "img": "images/0.png",
        "img_mods": "@disabled",
		    "codes": "bombers_code4"
      },
      {
        "img": "images/1.png"
      },
	    {
        "img": "images/2.png"
      },
	    {
        "img": "images/3.png"
      },
	    {
        "img": "images/4.png"
      },
	    {
        "img": "images/5.png"
      }
    ]
  },

  // Bombers Code 5
  {
    "name": "Bombers Code Digit 5",
    "type": "progressive",
    "allow_disabled": false,
	  "loop": true,
    "stages": [
      {
        "img": "images/0.png",
        "img_mods": "@disabled",
		    "codes": "bombers_code5"
      },
      {
        "img": "images/1.png"
      },
	    {
        "img": "images/2.png"
      },
	    {
        "img": "images/3.png"
      },
	    {
        "img": "images/4.png"
      },
	    {
        "img": "images/5.png"
      }
    ]
  },

  // Heart Pieces
  {
    "name": "Heart Pieces",
    "type": "consumable",
    "img": "images/heart_piece.png",
    "codes": "heart_piece",
    "max_quantity": 52
  },

  // Heart Container
  {
    "name": "Heart Container",
    "type": "consumable",
    "img": "images/heart_container.png",
    "codes": "heart_container",
    "max_quantity": 4
  }
]
