{
    "items": {
        "type": "array",
        "orientation": "vertical",
        "content": [
            {
                "type": "itemgrid",
                "h_alignment": "center",
                "item_size": 32,
                "margin": "0,0",
                "item_margin": "3,4",
                "rows": [
                    [ "deku_sticks", "deku_nuts",      "fairy_heros_bow", "fire_arrows",     "ice_arrows",     "light_arrows",       "dins_fire" ],
                    [ "bombs",       "bombchus",       "fairy_slingshot", "boomerang",       "hookshot",       "megaton_hammer",     "farores_wind" ],
                    [ "powder_keg",  "pictograph_box", "lens_of_truth",   "magic_beans_oot", "magic_beans_mm", "great_fairys_sword", "nayrus_love" ]
                ]
            },
            {
                "type": "array",
                "orientation": "horizontal",
                "h_alignment": "center",
                "content": [
                    {
                        "type": "item",
                        "item": "bottle_rutos_letter",
                        "margin": "3,3,3,5"
                    },
                    {
                        "type": "item",
                        "item": "bottle_gold_dust",
                        "margin": "3,3,3,5"
                    },
                    {
                        "type": "item",
                        "item": "bottle1",
                        "margin": "3,3,3,5"
                    },
                    {
                        "type": "item",
                        "item": "bottle2",
                        "margin": "3,3,3,5"
                    },
                    {
                        "type": "item",
                        "item": "bottle3",
                        "margin": "3,3,3,5"
                    },
                    {
                        "type": "item",
                        "item": "bottle4",
                        "margin": "3,3,3,5"
                    }
                ]
            },
            {
                "type": "array",
                "orientation": "horizontal",
                "h_alignment": "center",
                "margin": "0,0",
                "content": [
                    {
                        "type": "item",
                        "item": "1st_day_clock",
                        "margin": "0,0"
                    },
                    {
                        "type": "item",
                        "item": "1st_night_clock",
                        "margin": "0,0"
                    },
                    {
                        "type": "item",
                        "item": "2nd_day_clock",
                        "margin": "16,0,0,0"
                    },
                    {
                        "type": "item",
                        "item": "2nd_night_clock",
                        "margin": "0,0"
                    },
                    {
                        "type": "item",
                        "item": "3rd_day_clock",
                        "margin": "16,0,0,0"
                    },
                    {
                        "type": "item",
                        "item": "3rd_night_clock",
                        "margin": "0,0"
                    }
                ]
            },
            {
                "type": "array",
                "orientation": "vertical",
                "h_alignment": "center",
                "margin": "0,0",
                "content": [
                    {
                        "type": "array",
                        "orientation": "horizontal",
                        "h_alignment": "center",
                        "margin": "0,0",
                        "content": [
                            {
                                "type": "item",
                                "item": "owl_clock_town",
                                "margin": "0,0"
                            },
                            {
                                "type": "item",
                                "item": "owl_southern_swamp",
                                "margin": "0,0"
                            },
                            {
                                "type": "item",
                                "item": "owl_mountain_village",
                                "margin": "0,0"
                            },
                            {
                                "type": "item",
                                "item": "owl_great_bay_coast",
                                "margin": "0,0"
                            },
                            {
                                "type": "item",
                                "item": "owl_ikana_canyon",
                                "margin": "0,0"
                            }
                        ]
                    },
                    {
                        "type": "array",
                        "orientation": "horizontal",
                        "h_alignment": "center",
                        "margin": "0,0",
                        "content": [
                            {
                                "type": "item",
                                "item": "owl_milk_road",
                                "margin": "0,0"
                            },
                            {
                                "type": "item",
                                "item": "owl_woodfall",
                                "margin": "0,0"
                            },
                            {
                                "type": "item",
                                "item": "owl_snowhead",
                                "margin": "0,0"
                            },
                            {
                                "type": "item",
                                "item": "owl_zora_cape",
                                "margin": "0,0"
                            },
                            {
                                "type": "item",
                                "item": "owl_stone_tower",
                                "margin": "0,0"
                            }
                        ]
                    }
                ]
            },
            {
                "type": "array",
                "orientation": "horizontal",
                "h_alignment": "center",
                "margin": "0,0",
                "content": [
                    {
                        "type": "item",
                        "item": "red_coins",
                        "margin": "0,0"
                    },
                    {
                        "type": "item",
                        "item": "yellow_coins",
                        "margin": "0,0"
                    },
                    {
                        "type": "item",
                        "item": "green_coins",
                        "margin": "0,0"
                    },
                    {
                        "type": "item",
                        "item": "blue_coins",
                        "margin": "0,0"
                    }
                ]
            }
        ]
    }
}