{
    "shared_items": {
        "type": "scroll",
        "content": {
            "type": "array",
            "orientation": "horizontal",
            "h_alignment": "left",
            "content": [
                {
                    "type": "dock",
                    "dock": "left",
                    "v_alignment": "stretch",
                    "margin": "0,0,3,0",
                    "content": [
                        {
                            "type": "group",
                            "header": "Equipment",
                            "dock": "top",
                            "content": {
                                "type": "layout",
                                "key": "equipment"
                            }
                        },
                        {
                            "type": "group",
                            "header": "Masks",
                            "dock": "top",
                            "content": {
                                "type": "layout",
                                "key": "masks"
                            }
                        },
                        {
                            "type": "group",
                            "header": "Dungeons",
                            "dock": "top",
                            "content": {
                                "type": "layout",
                                "key": "dungeons"
                            }
                        }
                    ]
                },
                {
                    "type": "dock",
                    "dock": "left",
                    "v_alignment": "stretch",
                    "margin": "0,0,3,0",
                    "content": [
                        {
                            "type": "group",
                            "header": "Songs",
                            "header_content": {
                                "type": "button_popup",
                                "style": "settings",
                                "popup_background": "#FF212121",
                                "layout": "settings_popup"
                            },
                            "dock": "top",
                            "content": {
                                "type": "layout",
                                "key": "songs"
                            }
                        },
                        {
                            "type": "group",
                            "header": "Items",
                            "dock": "top",
                            "content": {
                                "type": "layout",
                                "key": "items"
                            }
                        },
                        {
                            "type": "group",
                            "header": "Trade Quests",
                            "dock": "top",
                            "content": {
                                "type": "layout",
                                "key": "tradequests"
                            }
                        }
                    ]
                }
            ]
        }
    },
    "shared_items_souls": {
        "type": "scroll",
        "content": {
            "type": "array",
            "orientation": "horizontal",
            "h_alignment": "left",
            "content": [
                {
                    "type": "dock",
                    "dock": "left",
                    "v_alignment": "stretch",
                    "margin": "0,0,3,0",
                    "content": [
                        {
                            "type": "group",
                            "header": "Equipment",
                            "dock": "top",
                            "content": {
                                "type": "layout",
                                "key": "equipment"
                            }
                        },
                        {
                            "type": "group",
                            "header": "Masks",
                            "dock": "top",
                            "content": {
                                "type": "layout",
                                "key": "masks"
                            }
                        },
                        {
                            "type": "group",
                            "header": "Dungeons",
                            "dock": "top",
                            "content": {
                                "type": "layout",
                                "key": "dungeons"
                            }
                        }
                    ]
                },
                {
                    "type": "dock",
                    "dock": "left",
                    "v_alignment": "stretch",
                    "margin": "0,0,3,0",
                    "content": [
                        {
                            "type": "group",
                            "header": "Songs",
                            "dock": "top",
                            "content": {
                                "type": "layout",
                                "key": "songs"
                            }
                        },
                        {
                            "type": "group",
                            "header": "Items",
                            "dock": "top",
                            "content": {
                                "type": "layout",
                                "key": "items"
                            }
                        },
                        {
                            "type": "group",
                            "header": "Trade Quests",
                            "dock": "top",
                            "content": {
                                "type": "layout",
                                "key": "tradequests"
                            }
                        }
                    ]
                },
                {
                    "type": "dock",
                    "dock": "left",
                    "v_alignment": "stretch",
                    "margin": "0,0,3,0",
                    "content": [
                        {
                            "type": "group",
                            "header": "Souls",
                            "header_content": {
                                "type": "button_popup",
                                "style": "settings",
                                "popup_background": "#FF212121",
                                "layout": "settings_popup_souls"
                            },
                            "dock": "top",
                            "content": {
                                "type": "layout",
                                "key": "souls"
                            }
                        }
                    ]
                }
            ]
        }
    }
}